WMO_ID,cast_a,cast_b,gap_hours,delta_Temperature,delta_Salinity,delta_z,delta_Oxygen,suspicion_score
3902122.0,18668797,18668799,2.0152,28.072016,204.648892,203.083726,0.00093,30.087216
3902122.0,18668805,18668807,2.203,23.342092,239.388217,237.537849,0.000347,25.545092
3902122.0,18668821,18668824,1.922,23.58607,174.656616,173.299359,0.003775,25.50807
3902122.0,18668832,18668834,2.25,13.536877,204.303044,202.695505,0.011103,15.786877
3902122.0,18668845,18668849,1.781,29.054848,220.581097,218.886359,0.010584,30.835848
3902126.0,18714224,18715424,0.0,1.850602,140.238997,137.121263,,1.850602
3902127.0,18882333,18883201,0.0,0.166732,454.689355,446.431549,,0.166732
6901151.0,18147536,18147539,5.25,14.965548,84.674473,83.93489,0.021695,20.215548
6901152.0,18147537,18147538,2.1561,13.033874,81.956563,81.237338,0.015013,15.189974000000001
6901174.0,18147817,18147818,2.3438,16.200533,20.200398,20.079359,0.119589,18.544333
6901174.0,18147818,18147819,2.4372,63.530946,260.493332,258.573959,0.082721,65.968146
6901174.0,18147821,18147824,1.594,15.203819,69.837342,69.306517,0.002134,16.797819
6901174.0,18147826,18147828,2.0628,16.551747,39.34852,39.064171,0.012089,18.614546999999998
6901174.0,18147830,18147832,2.0152,16.969994,31.649211,31.421146,0.003846,18.985194
6901175.0,18147820,18147822,3.75,47.631895,81.242169,80.734906,0.134106,51.381895
6901175.0,18147822,18147825,1.7348,19.230667,192.260051,190.793785,0.029585,20.965467
6901175.0,18147827,18147829,1.6409,4.0862,56.921902,56.487033,0.021729,5.7271
6901175.0,18147831,18147833,1.828,8.652081,83.506152,82.871331,0.009711,10.480081
6901180.0,18148797,18148799,1.8288,28.697091,116.626304,115.364909,0.073174,30.525891
6901180.0,18148801,18148802,0.469,30.602194,42.275325,41.763302,0.033105,31.071194000000002
6901180.0,18148802,18148806,3.6091,31.26456,48.915693,48.422717,0.086902,34.87366
6901180.0,18148806,18148807,2.625,29.947645,207.565992,205.291188,0.131953,32.572645
6901180.0,18148808,18148809,0.4212,30.778997,88.393428,87.399466,0.003721,31.200197
6901180.0,18148809,18148814,3.1878,30.203147,49.252108,48.772909,0.093566,33.390947000000004
6901180.0,18148814,18148815,2.5781,28.698992,236.927334,234.36457,0.15005,31.277092
6901180.0,18148817,18148818,0.422,30.564548,60.515393,59.810832,0.0663,30.986548
6901180.0,18148818,18148820,3.375,31.351152,41.009849,40.606542,0.126361,34.726152
6901180.0,18148820,18148821,2.484,30.843176,177.113468,175.181903,0.162664,33.327176
6901180.0,18148822,18148823,0.4682,30.168087,45.478524,44.9235,0.058866,30.636287
6901180.0,18148823,18148825,3.6568,27.252919,61.655671,61.042411,0.060834,30.909719
6901180.0,18148825,18148826,2.3432,25.689928,157.160565,155.441746,0.011268,28.033127999999998
6901180.0,18148827,18148828,0.469,30.00602,63.335205,62.605452,0.045088,30.47502
6901180.0,18148828,18148830,3.375,29.289596,33.868675,33.536323,0.081737,32.664596
6901180.0,18148830,18148831,2.3902,27.976249,194.602345,192.491622,0.144119,30.366449
6901180.0,18148832,18148833,0.4682,31.033833,28.129283,27.767818,0.070576,31.502033
6901180.0,18148833,18148837,3.797,27.495969,66.374597,65.700878,0.049621,31.292969
6901180.0,18148837,18148838,2.5318,26.618453,155.28868,153.589182,0.040405,29.150253
6901180.0,18148840,18148841,0.469,31.470914,62.628421,61.901339,0.050163,31.939914
6901180.0,18148841,18148846,3.0469,30.941323,43.55366,43.132074,0.104159,33.988223
6901180.0,18148850,18148851,0.4682,30.805191,57.797477,57.122242,0.054358,31.273391
6901180.0,18148851,18148853,3.469,30.781921,51.611644,51.102967,0.089837,34.250921
6901180.0,18148853,18148854,2.531,31.400007,210.817414,208.540874,0.159217,33.931007
6901180.0,18148855,18148856,0.4219,31.294098,67.111638,66.338317,0.062351,31.715998000000003
6901180.0,18148856,18148858,3.4219,30.623049,45.109356,44.671018,0.070718,34.044949
6901180.0,18148858,18148859,2.5312,30.477802,204.277247,202.077504,0.119068,33.009002
6901180.0,18148860,18148861,0.4682,30.219193,28.483101,28.112933,0.063395,30.687393
6901180.0,18148861,18148863,3.6568,29.720429,76.996141,76.223027,0.100635,33.377229
6901180.0,18148863,18148864,2.531,33.053735,171.566055,169.739803,0.141151,35.584735
6901180.0,18148865,18148866,0.5152,30.621291,33.901062,33.471071,0.068394,31.136491
6901180.0,18148866,18148870,3.422,30.135239,65.790328,65.132824,0.082862,33.557238999999996
6901180.0,18148870,18148871,2.578,32.836193,172.809326,170.946366,0.126145,35.414193000000004
6901180.0,18148872,18148873,0.469,30.345753,31.77994,31.376065,0.057653,30.814753
6901180.0,18148873,18148878,3.703,29.458689,60.374882,59.767846,0.039758,33.161689
6901180.0,18148878,18148879,2.672,29.504887,202.157674,199.953929,0.063854,32.176887
6901180.0,18148881,18148882,0.469,30.764836,17.931239,17.685863,0.041068,31.233836
6901180.0,18148882,18148884,4.031,30.443821,75.210766,74.439224,0.05862,34.474821
6901180.0,18148884,18148885,2.5311,32.749196,149.207119,147.595082,0.059025,35.280296
6901180.0,18148886,18148887,0.5152,30.666819,52.384917,51.76392,0.039451,31.182019
6901180.0,18148887,18148889,3.375,29.490129,40.878066,40.474278,0.04351,32.865128999999996
6901180.0,18148889,18148890,2.5318,31.063258,201.496358,199.307627,0.083819,33.595058
6901180.0,18148892,18148893,0.4682,29.528584,65.473192,64.720156,0.011158,29.996783999999998
6901180.0,18148893,18148895,3.328,30.442757,31.366476,31.058741,0.037119,33.770757
6901180.0,18148895,18148896,2.5318,33.830452,216.080636,213.727121,0.096163,36.362252
6901180.0,18148897,18148898,0.469,30.267783,62.382688,61.661328,0.022742,30.736783000000003
6901180.0,18148898,18148903,3.281,30.658081,44.237822,43.805984,0.034525,33.939081
6901180.0,18148903,18148904,2.4372,29.945758,121.429662,120.093312,0.005766,32.382958
6901180.0,18148905,18148906,0.4682,30.266955,90.284725,89.270611,0.0235,30.735155
6901180.0,18148906,18148911,3.0939,30.744425,37.012359,36.656913,0.051303,33.838325
6901180.0,18148911,18148912,2.5781,36.025995,180.524269,178.587615,0.103862,38.604095
6901180.0,18148914,18148915,0.422,33.490525,109.636736,108.435624,0.023576,33.912524999999995
6901180.0,18148915,18148917,2.7658,35.502117,44.414754,44.002202,0.130722,38.267917
6901180.0,18148917,18148919,2.672,38.227534,269.47252,266.608326,0.191844,40.899533999999996
6901180.0,18148920,18148921,0.4219,22.714002,145.142084,143.611234,0.134138,23.135902
6901180.0,18148921,18148923,3.0,21.584628,4.878885,4.836226,0.055217,24.584628
6901180.0,18148923,18148924,2.25,32.607639,270.520201,267.635114,0.143268,34.857639
6901180.0,18148925,18148926,0.469,31.506591,70.667913,69.854901,0.034508,31.975591
6901180.0,18148926,18148928,3.2348,34.173975,35.930116,35.580809,0.045737,37.408775
6901180.0,18148928,18148929,2.531,33.573206,191.604398,189.532927,0.087636,36.104206
6901180.0,18148930,18148931,0.5152,31.705376,32.3967,31.988104,0.053563,32.220576
6901180.0,18148931,18148935,3.6098,29.304969,67.277925,66.609151,0.064568,32.914769
6901180.0,18148935,18148936,2.3902,28.932589,158.120244,156.415174,0.015137,31.322789
6901180.0,18148937,18148938,0.5152,28.565555,48.99222,48.403557,0.038238,29.080755
6901180.0,18148938,18148944,3.6098,33.117947,63.634158,63.000878,0.082283,36.727747
6901180.0,18148944,18148945,2.578,33.204559,178.9158,176.981049,0.101775,35.782559000000006
6901180.0,18148947,18148948,0.469,30.51734,42.416446,41.899998,0.023145,30.986340000000002
6901180.0,18148948,18148950,3.75,33.428,67.192739,66.523433,0.067799,37.178
6901180.0,18148950,18148951,2.531,35.897005,186.722397,184.72894,0.093378,38.428005
6901180.0,18149229,18149230,5.156,4.027689,209.868921,207.546683,0.045764,9.183689
6901180.0,18149230,18149233,5.0159,0.911941,4.777429,4.728188,0.002523,5.927841
6901180.0,18149234,18149235,5.1098,4.540268,240.671364,238.020904,0.049632,9.650068000000001
6901180.0,18149235,18149236,4.9682,0.241542,0.811116,0.804067,0.01129,5.209742
6901180.0,18149237,18149243,5.156,3.468921,213.497436,211.149529,0.051548,8.624921
6901180.0,18149243,18149244,5.203,0.505067,5.849012,5.786742,0.001112,5.708067000000001
6901180.0,18149246,18149248,5.297,1.853592,236.141255,233.559323,0.051462,7.150592
6901180.0,18149248,18149249,5.0158,3.114294,7.574971,7.499102,0.018675,8.130094
6901180.0,18149250,18149252,5.203,6.784223,209.022872,206.715298,0.053213,11.987223
6901180.0,18149252,18149253,4.875,1.751243,23.509118,23.272108,0.009637,6.6262430000000005
6901180.0,18149254,18149255,5.2962,2.122755,203.702169,201.45685,0.058389,7.418955
6901180.0,18149255,18149258,5.0159,2.357853,4.857383,4.808675,0.017532,7.373753000000001
6901180.0,18149259,18149260,5.1098,3.959833,239.921309,237.315912,0.071964,9.069633
6901180.0,18149260,18149261,4.9212,0.481085,30.212381,29.909363,0.015027,5.402285
6901180.0,18149263,18149268,5.1098,2.45997,188.184458,186.127825,0.052041,7.56977
6901180.0,18149268,18149269,5.0621,0.264058,13.04841,12.907347,0.001973,5.326158
6901180.0,18149270,18149272,5.1568,2.73735,263.463435,260.608931,0.086353,7.89415
6901180.0,18149272,18149273,5.0152,0.298973,2.480148,2.453157,0.001336,5.314173
6901180.0,18149274,18149276,5.203,2.362254,214.984232,212.60593,0.039097,7.565254
6901180.0,18149276,18149277,4.828,2.008443,24.085545,23.841046,0.029772,6.836443000000001
6901180.0,18149278,18149279,5.203,4.137271,228.468928,225.978484,0.06796,9.340271000000001
6901180.0,18149279,18149282,5.156,0.961247,10.050822,9.946005,0.004658,6.117247
6901180.0,18149283,18149284,5.1561,2.903156,207.301569,205.015673,0.049753,8.059256000000001
6901180.0,18149284,18149285,4.875,1.73102,3.961921,3.928972,0.01986,6.60602
6901180.0,18149286,18149292,5.344,1.056,263.930564,261.085863,0.108267,6.4
6901180.0,18149292,18149293,4.875,6.666561,28.006475,27.726777,0.009108,11.541561
6901180.0,18149295,18149297,5.203,3.8167,241.244077,238.613134,0.118979,9.0197
6901180.0,18149297,18149298,4.9682,2.948094,1.980801,1.961706,0.002898,7.916294000000001
6901180.0,18149300,18149302,5.0629,2.450435,219.726477,217.327709,0.099311,7.513335
6901180.0,18149302,18149303,4.9682,4.051058,2.437521,2.410933,0.021479,9.019258
6901180.0,18149304,18149305,5.2038,2.639577,220.119666,217.714879,0.057619,7.843377
6901180.0,18149305,18149308,5.25,13.752294,49.604401,49.109803,0.058819,19.002294
6901180.0,18149309,18149310,5.3902,3.833729,216.16333,213.816246,0.091899,9.223929
6901180.0,18149310,18149311,4.828,6.312001,2.269256,2.243128,0.014439,11.140001000000002
6901180.0,18149312,18149317,5.3432,4.45876,202.584389,200.366846,0.023314,9.801960000000001
6901180.0,18149317,18149318,4.922,0.913299,1.647203,1.631818,0.032139,5.835299
6901180.0,18149319,18149321,5.4378,11.71611,284.401502,281.371742,0.106768,17.15391
6901180.0,18149321,18149322,4.8281,0.405765,17.495015,17.326803,0.00596,5.233865
6901180.0,18149323,18149325,5.531,0.33658,139.123691,137.571014,0.028333,5.867579999999999
6901180.0,18149325,18149326,4.6402,7.310579,110.898808,109.757469,0.05863,11.950779
6901180.0,18149327,18149328,5.203,7.274593,220.468413,218.082382,0.065818,12.477593
6901180.0,18149328,18149331,5.203,3.726962,73.537714,72.818143,0.138686,8.929962
6901180.0,18149332,18149334,5.203,4.974885,235.5478,232.996078,0.099329,10.177885
6901180.0,18149334,18149335,5.1091,0.448662,57.296881,56.732012,0.03521,5.557761999999999
6901180.0,18149336,18149342,5.0152,1.666433,163.682172,161.935854,0.062499,6.681633
6901180.0,18149342,18149343,5.1098,5.944758,49.508378,49.01634,0.076541,11.054558
6901180.0,18149345,18149347,5.1098,0.752544,181.954648,180.001524,0.056727,5.862344
6901180.0,18149347,18149348,5.0152,0.611331,8.63518,8.545935,0.014141,5.626531
6901180.0,18149349,18149351,5.297,4.730423,199.188449,197.0171,0.090806,10.027422999999999
6901180.0,18149351,18149352,5.109,0.572695,42.297332,41.868698,0.039131,5.6816949999999995
6901180.0,18149353,18149354,5.203,1.109553,223.710032,221.311927,0.071666,6.312553
6901180.0,18149354,18149357,4.875,1.761974,15.632524,15.475494,0.007461,6.636974
6901180.0,18149358,18149359,5.203,3.532409,220.980425,218.595588,0.103194,8.735409
6901180.0,18149359,18149360,4.9682,0.685468,2.958042,2.927182,0.000214,5.653668000000001
6901180.0,18149361,18149366,5.4372,0.203236,213.496401,211.190028,0.089141,5.640436
6901180.0,18149366,18149367,4.9688,0.32842,12.819308,12.693906,0.014645,5.29722
6901180.0,18149368,18149370,5.156,4.470583,259.895599,257.130194,0.14531,9.626583
6901180.0,18149370,18149372,4.969,1.080296,33.631314,33.31122,0.090259,6.049296
6901180.0,18149373,18149375,5.2038,3.134615,208.094402,205.849021,0.120181,8.338415000000001
6901180.0,18149375,18149376,5.0152,4.422979,11.355176,11.240585,0.010106,9.438179
6901180.0,18149378,18149379,5.25,6.986596,210.589799,208.321354,0.150876,12.236595999999999
6901180.0,18149379,18149382,4.9212,3.43413,24.861756,24.611914,0.020625,8.35533
6901180.0,18149383,18149384,5.2969,1.968257,191.021029,188.941765,0.069675,7.265157
6901180.0,18149384,18149385,4.7341,3.061178,48.273888,47.790264,0.051678,7.795278
6901180.0,18149386,18149392,5.25,0.951209,232.959338,230.468775,0.057251,6.201209
6901180.0,18149392,18149393,4.828,3.615721,9.746675,9.650803,0.078742,8.443721
6901180.0,18149395,18149397,5.0628,8.052755,199.31034,197.156706,0.044766,13.115555
6901180.0,18149397,18149398,5.203,6.384119,42.02666,41.605364,0.060518,11.587119000000001
6901180.0,18149399,18149401,5.0158,1.621572,234.286637,231.761267,0.120684,6.637371999999999
6901180.0,18149401,18149402,5.1092,0.494515,10.669095,10.562594,0.026281,5.603715
6901180.0,18149403,18149404,4.875,5.348611,222.361541,219.954504,0.079616,10.223611
6901180.0,18149404,18149407,5.2031,2.119361,6.263604,6.203767,0.011673,7.3224610000000006
6901180.0,18149409,18149410,5.25,0.861202,110.725096,109.552937,0.040439,6.1112020000000005
6901180.0,18149410,18149411,4.969,0.448311,36.490553,36.119977,0.046589,5.417311000000001
6901180.0,18149413,18149418,5.0628,0.760009,229.8774,227.393429,0.083517,5.822809
6901180.0,18149418,18149419,5.297,0.619416,30.528365,30.220915,0.004266,5.916416
6901180.0,18149422,18149424,5.1098,1.571196,198.192919,196.038298,0.090611,6.680996
6901180.0,18149424,18149425,4.9682,0.066893,31.891736,31.570685,0.008502,5.035093000000001
6901180.0,18149429,18149431,5.3902,6.47306,193.41138,191.301414,0.102506,11.86326
6901180.0,18149431,18149432,4.9219,3.752556,21.977393,21.750589,0.005802,8.674456
6901180.0,18149435,18149437,5.1098,1.174062,222.251639,219.85168,0.111614,6.283862
6901180.0,18149437,18149440,5.1092,3.746618,10.131336,10.031625,0.0191,8.855818
6901180.0,18149442,18149444,5.203,1.793161,247.277462,244.626416,0.104161,6.996161000000001
6901180.0,18149444,18149445,5.0628,4.987131,15.247899,15.098902,0.004341,10.049931
6901180.0,18149446,18149450,5.1098,5.081019,239.516436,236.934726,0.139585,10.190819000000001
6901180.0,18149450,18149451,5.156,3.628703,36.331906,35.965941,0.00959,8.784703
6901180.0,18149454,18149455,5.3432,0.02835,217.173612,214.829776,0.058373,5.37155
6901180.0,18149455,18149456,5.1568,0.883488,37.556813,37.173547,0.005621,6.040287999999999
6901180.0,18149457,18149459,5.344,1.817687,201.892297,199.702214,0.146327,7.161687000000001
6901180.0,18149459,18149460,4.9682,7.22339,9.10552,9.010556,0.036998,12.191590000000001
6901180.0,18149461,18149463,5.156,10.620561,210.011433,207.741337,0.104628,15.776561000000001
6901180.0,18149463,18149466,5.0152,1.604529,3.466197,3.430719,0.015559,6.619729
6901180.0,18149467,18149470,5.25,37.613215,205.045465,202.832721,0.189198,42.863215
6901180.0,18149470,18149471,4.9212,3.8821,5.486088,5.429469,0.053848,8.8033
6901180.0,18149472,18149475,5.2969,1.297406,189.910281,187.839343,0.052479,6.594306
6901180.0,18149475,18149476,4.6872,1.156656,41.572315,41.152679,0.015277,5.843856
6901180.0,18149477,18149478,5.297,1.782996,226.629234,224.194376,0.174759,7.0799959999999995
6901180.0,18149478,18149479,4.9682,0.931468,3.315234,3.284425,0.019819,5.899668
6901180.0,18149480,18149482,5.109,3.727882,208.320968,206.079034,0.063801,8.836882
6901180.0,18149482,18149483,5.297,0.044347,45.146643,44.707255,0.087247,5.341347
6901180.0,18149484,18149487,5.1568,0.049558,214.088368,211.778359,0.091371,5.206358
6901180.0,18149487,18149490,4.9212,0.206169,27.0161,26.755512,0.070144,5.127369
6901180.0,18149492,18149495,5.6712,0.052259,144.759118,143.166092,0.045958,5.723459
6901180.0,18149495,18149496,4.594,6.644105,58.019872,57.42873,0.039023,11.238105000000001
6901180.0,18149497,18149501,5.3902,5.394342,257.054546,254.327031,0.110426,10.784542
6901180.0,18149501,18149502,4.922,1.593487,7.03567,6.967695,0.016356,6.515487
6901180.0,18149504,18149505,5.3902,3.630568,237.916317,235.359273,0.116224,9.020768
6901180.0,18149505,18149506,4.875,1.427579,33.513782,33.183219,0.000795,6.302579
6901180.0,18149507,18149509,5.25,2.396902,204.263093,202.079395,0.068058,7.646902
6901180.0,18149509,18149510,5.0628,2.919385,30.629359,30.324508,0.080508,7.982185
6901180.0,18149511,18149513,5.1098,0.58229,208.530222,206.305066,0.053919,5.69209
6901180.0,18149513,18149516,5.0152,0.894189,4.411101,4.370943,0.019943,5.909389
6901181.0,18253053,18253055,1.3591,2.436074,110.289887,109.284873,0.079983,3.7951740000000003
6901181.0,18253055,18253056,1.969,8.350051,227.855765,225.421348,0.044849,10.319051
6901181.0,18253058,18253060,1.6409,33.125408,36.53899,36.094545,0.028554,34.766308
6901181.0,18253061,18253062,0.375,21.137854,1.448377,1.416785,0.011723,21.512854
6901181.0,18253062,18253064,3.7031,28.648051,51.062661,50.585389,0.04238,32.351151
6901181.0,18253064,18253066,2.2031,34.646995,89.697131,88.833476,0.051344,36.850094999999996
6901181.0,18253067,18253068,0.375,21.247439,22.978709,22.751941,0.010581,21.622439
6901181.0,18253068,18253070,3.8908,22.698184,4.607591,4.560447,0.005475,26.588984
6901181.0,18253070,18253072,2.4842,21.650233,48.776769,48.297921,0.016318,24.134433
6901181.0,18253073,18253074,0.469,20.182086,6.675166,6.596854,0.010873,20.651086000000003
6901181.0,18253074,18253076,3.5621,29.537221,51.381026,50.904326,0.074249,33.099320999999996
6901181.0,18253076,18253079,2.4841,38.215946,99.310229,98.360572,0.101571,40.700046
6901181.0,18253080,18253081,0.3288,23.7314,16.565289,16.398273,0.015463,24.060200000000002
6901181.0,18253081,18253083,3.8902,27.112952,23.576453,23.355218,0.013669,31.003152
6901181.0,18253083,18253086,2.25,34.145282,88.755886,87.902679,0.041896,36.395282
6901181.0,18253087,18253088,0.422,19.464298,11.710844,11.590143,0.018503,19.886298
6901181.0,18253088,18253090,3.7969,20.22487,30.898966,30.609489,0.007487,24.02177
6901181.0,18253090,18253091,2.1561,34.482226,94.495556,93.58518,0.070029,36.638326
6901181.0,18253093,18253094,0.422,23.385527,5.626652,5.557346,0.024699,23.807527
6901181.0,18253094,18253096,3.5622,34.168797,42.281051,41.889635,0.082385,37.730996999999995
6901181.0,18253096,18253097,1.922,37.107055,85.365396,84.550616,0.09744,39.029055
6901181.0,18253098,18253099,0.375,19.20065,22.945775,22.718524,0.008823,19.57565
6901181.0,18253099,18253101,3.703,31.241529,44.523287,44.114421,0.034993,34.944529
6901181.0,18253101,18253102,1.875,42.149767,109.621421,108.576101,0.064372,44.024767
6901181.0,18253104,18253105,0.3288,23.64431,2.610585,2.596799,0.000521,23.973110000000002
6901181.0,18253105,18253107,3.8902,31.164537,40.553082,40.177586,0.01684,35.054737
6901181.0,18253107,18253109,2.531,34.708649,98.436032,97.487464,0.046028,37.239649
6901181.0,18253110,18253111,0.4219,19.673034,25.771062,25.512703,0.041523,20.094934000000002
6901181.0,18253111,18253113,3.7031,29.09109,33.958221,33.651913,0.009914,32.79419
6901181.0,18253113,18253114,1.875,40.271201,99.881082,98.932826,0.068164,42.146201
6901181.0,18253116,18253117,0.375,21.665057,3.116907,3.07555,0.017469,22.040057
6901181.0,18253120,18253121,0.375,17.993934,16.896583,16.725664,0.030645,18.368934
6901181.0,18253121,18253123,3.75,17.235685,4.844597,4.795334,0.037849,20.985685
6901181.0,18253123,18253124,2.0158,26.468986,56.364522,55.818173,0.033768,28.484786
6901181.0,18253126,18253127,0.4689,24.955161,43.547447,43.120833,0.031524,25.424061000000002
6901181.0,18253127,18253129,3.75,29.48178,39.538607,39.156387,0.042468,33.23178
6901181.0,18253129,18253131,1.6409,27.752143,39.960951,39.593491,0.028716,29.393043
6901181.0,18253134,18253135,0.4682,24.984004,11.722502,11.604831,0.007732,25.452204
6901181.0,18253135,18253137,3.6098,28.325042,7.117238,7.052559,0.007685,31.934842
6901181.0,18253137,18253140,2.7182,34.640902,54.351362,53.822053,0.021033,37.359102
6901181.0,18253141,18253142,0.375,18.680445,49.319313,48.848911,0.034436,19.055445
6901181.0,18253142,18253144,3.7031,29.187746,60.093199,59.554118,0.015788,32.890846
6901181.0,18253144,18253147,2.1091,43.58336,165.476375,163.927349,0.052839,45.69246
6901181.0,18253148,18253149,0.4212,24.505258,2.139071,2.105407,0.000617,24.926458
6901181.0,18253149,18253151,3.797,27.270132,19.317481,19.142128,0.005591,31.067132
6901181.0,18253151,18253152,2.1098,35.726388,55.425705,54.891897,0.019156,37.836188
6901181.0,18253153,18253154,0.4212,31.017535,24.679502,24.450351,0.017334,31.438734999999998
6901181.0,18253154,18253156,3.5159,26.402319,27.648638,27.388557,0.00174,29.918218999999997
6901181.0,18253156,18253157,1.8281,36.34634,52.968778,52.459499,0.023575,38.17444
6901181.0,18253158,18253159,0.375,31.053692,19.924014,19.746947,0.005634,31.428692
6901181.0,18253159,18253161,3.75,32.280384,24.604062,24.376447,0.006338,36.030384
6901181.0,18253161,18253163,2.2038,32.523401,50.46869,49.989435,0.016813,34.727201
6901181.0,18253164,18253165,0.5158,27.503429,0.89705,0.879223,0.007523,28.019229
6901181.0,18253165,18253167,3.469,30.925119,18.459277,18.290331,0.002882,34.394118999999996
6901181.0,18253167,18253168,2.109,40.90792,63.217453,62.607582,0.025379,43.01692
6901181.0,18253170,18253171,0.4219,27.770639,1.045817,1.029825,0.009231,28.192539
6901181.0,18253171,18253173,3.469,28.606679,9.609718,9.520783,0.003832,32.075679
6901181.0,18253176,18253178,4.1712,8.570264,32.896806,32.574635,0.018902,12.741464
6901181.0,18253182,18253184,4.2182,5.8093,52.194886,51.680993,0.023705,10.0275
6901181.0,18253190,18253192,3.9378,0.165604,1.221259,1.208333,0.003295,4.103404
6901181.0,18253194,18253196,4.0318,1.740026,12.572331,12.44236,0.006373,5.771826
6901181.0,18253200,18253202,4.0318,2.447181,33.347679,33.014712,0.014783,6.478980999999999
6901181.0,18253206,18253208,4.2189,0.773318,2.267928,2.246999,0.004246,4.992217999999999
6901181.0,18253212,18253214,4.0788,1.440157,50.467261,49.974596,0.033367,5.518957
6901181.0,18253221,18253223,3.9848,0.384756,57.682559,57.113997,0.024571,4.369556
6901181.0,18253225,18253227,4.4538,11.520908,178.662838,176.998338,0.069138,15.974708
6901181.0,18253231,18253233,4.0781,3.830405,5.86444,5.806126,0.005077,7.908505
6901181.0,18253237,18253239,3.9379,7.606052,4.753751,4.706322,0.009348,11.543952
6901181.0,18253251,18253253,4.125,2.362056,1.271376,1.26496,0.002842,6.487056
6901181.0,18253255,18253257,4.3598,24.076303,167.554716,165.958803,0.07246,28.436103
6901181.0,18253262,18253264,3.9848,6.053125,21.312276,21.094357,0.002691,10.037925
6901181.0,18253267,18253269,4.078,4.21279,10.333756,10.228634,0.003509,8.290790000000001
6901181.0,18253273,18253275,4.0781,0.785992,33.437441,33.098604,0.016338,4.864092
6901181.0,18253286,18253288,4.2659,4.292427,41.039652,40.628686,0.005301,8.558327
6901181.0,18253292,18253294,3.891,3.879433,55.753367,55.196372,0.02928,7.770433000000001
6901181.0,18253297,18253299,4.031,1.417797,85.148832,84.302994,0.043232,5.448797
6901181.0,18253364,18253365,5.25,10.048444,71.396282,70.619346,0.013111,15.298444
6901181.0,18253365,18253367,4.9682,6.781245,2.334118,2.311635,0.030368,11.749445000000001
6901181.0,18253368,18253369,5.3902,6.529422,171.221664,169.330461,0.029495,11.919622
6901181.0,18253369,18253372,4.781,2.343129,30.673897,30.361694,0.012443,7.124129
6901181.0,18253373,18253374,5.6712,4.865576,147.328125,145.67927,0.022218,10.536776
6901181.0,18253374,18253377,4.6409,4.920609,110.511035,109.375733,0.075518,9.561509000000001
6901181.0,18253378,18253379,5.5318,2.828601,155.051925,153.314094,0.017175,8.360401
6901181.0,18253379,18253380,4.5,2.012281,65.960972,65.275796,0.034697,6.512281
6901181.0,18253381,18253382,5.203,0.793043,203.54564,201.3149,0.033092,5.996043
6901181.0,18253382,18253383,5.203,2.964362,7.91495,7.830899,0.035242,8.167362
6901181.0,18253384,18253387,5.4372,1.813518,177.929964,175.953419,0.033065,7.250718
6901181.0,18253387,18253390,4.9219,2.602011,61.552643,60.925822,0.044429,7.523911
6901181.0,18253392,18253393,5.953,0.407709,12.232211,12.079484,0.007326,6.360709
6901181.0,18253393,18253395,4.3122,2.045916,236.610015,234.017741,0.085281,6.358116
6901181.0,18253396,18253397,5.4841,0.657449,25.750552,25.435525,0.001353,6.1415489999999995
6901181.0,18253397,18253399,4.7341,2.107324,145.079103,143.485412,0.035158,6.841424
6901181.0,18253400,18253401,5.344,2.91952,41.949737,41.457416,0.00813,8.26352
6901181.0,18253401,18253403,4.781,3.141711,188.463334,186.434477,0.06854,7.922711
6901181.0,18253407,18253408,5.2969,5.354806,24.833039,24.544181,0.016499,10.651706
6901181.0,18253408,18253410,4.6879,1.404826,205.259248,203.036186,0.070646,6.092726
6901181.0,18253411,18253412,5.156,0.288702,39.792656,39.333884,0.007904,5.4447019999999995
6901181.0,18253412,18253414,4.969,0.538901,172.571296,170.696497,0.043724,5.507901
6901181.0,18253415,18253416,5.0628,1.621957,103.837012,102.657013,0.033886,6.684757
6901181.0,18253416,18253419,5.1092,1.349718,101.924084,100.826113,0.032553,6.458918000000001
6901181.0,18253420,18253421,5.203,0.497783,136.537192,135.005091,0.031881,5.700783
6901181.0,18253421,18253424,5.0628,0.232668,74.405436,73.624201,0.051225,5.2954680000000005
6901181.0,18253428,18253429,5.3902,1.715158,43.580121,43.072929,0.01323,7.105358
6901181.0,18253429,18253430,4.828,3.665125,205.596917,203.399933,0.066963,8.493125000000001
6901181.0,18253431,18253432,5.3439,0.491019,3.174163,3.157385,0.014324,5.834918999999999
6901181.0,18253432,18253433,4.875,1.832225,202.042152,199.843707,0.067876,6.707225
6901181.0,18253434,18253435,5.3439,0.232818,38.109655,37.677517,0.012092,5.576718
6901181.0,18253435,18253437,4.922,1.09612,153.513388,151.818748,0.025757,6.01812
6901181.0,18253438,18253441,5.578,2.167853,24.795814,24.525537,0.017546,7.745853
6901181.0,18253441,18253444,4.4538,1.927955,239.138058,236.539351,0.060024,6.381755
6901181.0,18253445,18253446,5.3439,6.773697,26.177365,25.854067,0.010056,12.117597
6901181.0,18253446,18253448,4.875,0.134057,218.514761,216.161576,0.080701,5.009057
6901181.0,18253449,18253450,5.2031,0.918213,51.93789,51.342768,0.01445,6.121313
6901181.0,18253450,18253451,5.0628,1.515445,189.196199,187.15826,0.046315,6.578245
6901181.0,18253452,18253453,5.2962,1.402619,215.200905,212.829106,0.038508,6.698819
6901181.0,18253453,18253455,5.0628,2.503379,69.456387,68.763747,0.047513,7.566179
6901181.0,18253460,18253461,5.1568,2.04954,75.375636,74.51896,0.012538,7.206339999999999
6901181.0,18253461,18253463,5.203,2.92774,195.453182,193.397472,0.060165,8.13074
6901181.0,18253464,18253465,5.8122,4.172965,10.19866,10.086832,0.013471,9.985164999999999
6901181.0,18253465,18253468,4.5,2.697098,240.941651,238.328934,0.061442,7.197098
6901181.0,18253469,18253470,5.4378,1.515888,31.250657,30.891692,0.006033,6.953688
6901181.0,18253470,18253473,4.6402,0.285374,166.758396,164.936331,0.065368,4.925574
6901181.0,18253474,18253475,5.0158,0.436124,106.225341,105.012255,0.028314,5.451924
6901181.0,18253475,18253476,5.0152,3.169339,143.728729,142.230733,0.087991,8.184539000000001
6901181.0,18253480,18253481,5.4378,6.307772,17.837053,17.626532,0.012793,11.745572
6901181.0,18253481,18253482,4.875,2.429679,199.243636,197.08926,0.056333,7.304679
6901181.0,18253483,18253484,5.109,0.022257,166.284342,164.43453,0.044717,5.131257
6901181.0,18253484,18253486,5.1562,3.138951,38.772152,38.365305,0.018623,8.295151
6901181.0,18253487,18253488,5.25,2.237453,39.812352,39.348369,0.009905,7.487453
6901181.0,18253488,18253490,4.9212,3.419161,200.500853,198.370637,0.075987,8.340361
6901181.0,18253492,18253494,5.1098,11.113304,220.377304,217.956562,0.010818,16.223104
6901181.0,18253494,18253498,5.0152,3.527107,58.501726,57.92137,0.046678,8.542307000000001
6901181.0,18253499,18253500,5.297,14.831101,60.883899,60.181037,0.034645,20.128101
6901181.0,18253500,18253501,5.0152,4.446395,122.834213,121.503675,0.074689,9.461594999999999
6901181.0,18253502,18253503,5.4842,1.038628,57.685137,57.025189,0.028589,6.5228280000000005
6901181.0,18253503,18253505,4.875,1.806599,159.020537,157.308925,0.088465,6.681599
6901181.0,18253506,18253507,5.344,4.878721,87.324299,86.334705,0.009144,10.222721
6901181.0,18253507,18253509,5.0152,2.542887,162.194001,160.472607,0.092412,7.558087
6901181.0,18253513,18253514,5.109,1.646954,89.351222,88.336476,0.014525,6.755954
6901181.0,18253514,18253517,5.625,6.002691,131.772134,130.379205,0.079691,11.627691
6901181.0,18253518,18253519,5.344,0.020454,93.940166,92.877821,0.040145,5.364454
6901181.0,18253519,18253522,5.0152,7.296031,132.711947,131.296759,0.041308,12.311231
6901181.0,18253523,18253524,5.3902,0.323373,39.004671,38.553248,0.004712,5.713573
6901181.0,18253524,18253525,4.875,4.889278,130.267244,128.845585,0.040977,9.764278000000001
6901181.0,18253526,18253527,5.0628,0.058603,170.203966,168.316059,0.048747,5.121403
6901181.0,18253527,18253528,5.2031,2.449585,13.553358,13.402098,0.021366,7.652685
6901181.0,18253531,18253532,5.3439,2.501262,111.484048,110.255763,0.033987,7.845162
6901181.0,18253532,18253535,4.9219,1.039311,155.659523,154.072176,0.131951,5.9612110000000005
6901181.0,18253537,18253538,5.297,0.646069,124.330531,122.930773,0.032451,5.9430689999999995
6901181.0,18253538,18253540,4.9212,0.485167,97.278504,96.263541,0.053807,5.4063669999999995
6901181.0,18253541,18253542,5.25,1.682234,50.038896,49.447234,0.005289,6.932234
6901181.0,18253542,18253544,4.875,6.665782,165.208525,163.444241,0.108168,11.540782
6901181.0,18253545,18253547,5.25,2.294316,69.073635,68.287915,0.018074,7.544316
6901181.0,18253547,18253550,4.875,0.976282,146.091422,144.536695,0.063966,5.851282
6901181.0,18253551,18253552,5.3909,0.341142,37.397673,36.969355,0.033679,5.732042
6901181.0,18253552,18253554,4.7341,1.97033,134.362756,132.90299,0.038744,6.7044299999999994
6901181.0,18253555,18253556,5.3439,4.75948,37.058539,36.631392,0.0075,10.10338
6901181.0,18253556,18253559,4.6879,1.77232,169.353089,167.525469,0.098191,6.46022
6901181.0,18253560,18253561,5.1562,3.078736,97.971776,96.869725,0.019244,8.234936000000001
6901181.0,18253561,18253564,5.203,3.508758,163.626327,161.921599,0.112069,8.711758
6901181.0,18253567,18253569,5.3432,0.021833,20.701873,20.444279,0.01292,5.365033
6901181.0,18253569,18253572,4.875,1.592205,158.415828,156.708883,0.085016,6.467205
6901181.0,18253573,18253574,5.3439,2.696475,35.373667,34.968846,0.004251,8.040375
6901181.0,18253574,18253575,4.7341,2.011753,135.67268,134.186084,0.033071,6.745853
6901181.0,18253576,18253577,5.3432,1.172646,42.309747,41.828769,0.019532,6.515846000000001
6901181.0,18253577,18253578,4.875,1.99132,136.512817,135.043603,0.05909,6.86632
6901181.0,18253579,18253580,5.25,6.210015,38.544198,38.099057,0.010259,11.460015
6901181.0,18253580,18253582,4.875,5.478317,200.106696,198.005572,0.154951,10.353317
6901181.0,18253585,18253586,5.25,6.53774,49.229182,48.66497,0.009588,11.78774
6901181.0,18253586,18253589,5.203,2.603594,54.947144,54.344553,0.034215,7.8065940000000005
6901181.0,18253591,18253592,5.8128,0.591112,2.325157,2.311842,0.008551,6.403912
6901181.0,18253592,18253594,4.3591,7.356318,268.115988,265.238917,0.107373,11.715418
6901181.0,18253596,18253597,5.3439,2.363833,40.796154,40.322541,0.002096,7.707732999999999
6901181.0,18253597,18253598,4.8281,5.631758,179.94412,178.029626,0.085425,10.459858
6901182.0,18149021,18149025,1.781,17.310799,67.925665,67.37481,0.029893,19.091798999999998
6901182.0,18149027,18149028,1.781,20.603641,81.818847,81.138618,0.00201,22.384641
6901182.0,18149032,18149037,1.5939,20.568036,93.057432,92.277433,0.021774,22.161936
6901182.0,18149041,18149043,1.6408,27.211791,131.517285,130.434259,0.00845,28.852591
6901182.0,18149046,18149048,1.547,21.956494,98.714787,97.915908,0.005065,23.503494
6901182.0,18149050,18149052,1.6871,22.144223,94.565156,93.775941,0.01268,23.831323
6901183.0,18149010,18149014,1.828,20.542645,119.560313,118.578797,0.052764,22.370645
6901183.0,18149016,18149017,1.6409,18.664113,105.087966,104.214389,0.029811,20.305013
6901183.0,18149022,18149026,1.594,15.301626,72.995204,72.400028,0.015774,16.895626
6901183.0,18149029,18149031,1.828,18.1456,109.272399,108.366563,0.023989,19.9736
6901183.0,18149038,18149039,1.6408,12.555725,47.839444,47.459933,0.005913,14.196525000000001
6901183.0,18149042,18149044,1.7348,18.767313,90.291064,89.564909,0.020728,20.502113
6901183.0,18149047,18149049,1.6878,18.606269,103.061009,102.22156,0.019734,20.294069
6901183.0,18149051,18149053,1.6409,13.247272,78.728607,78.085698,0.000969,14.888172
6901473.0,15916895,16425646,1.5469,15.751416,213.380206,211.773554,0.032128,17.298316
6901473.0,16425646,16425648,0.844,9.237276,27.825477,27.644314,0.054026,10.081275999999999
6901473.0,16425648,16425649,0.5622,9.203752,29.222038,29.031916,0.048879,9.765952
6901473.0,16425663,16425664,3.9378,0.398747,0.08596,0.086083,0.007124,4.336547
6901473.0,16425670,16425671,3.9372,2.725709,10.418048,10.341213,0.013667,6.662909
6901473.0,16425673,16425674,3.9378,0.140704,5.539721,5.493615,0.012779,4.078504000000001
6901473.0,16425679,16425680,4.125,0.483789,14.640391,14.535617,0.000745,4.608789
6901473.0,16425685,16425686,3.9378,3.756783,7.735042,7.679556,0.01804,7.694583
6901473.0,16425696,16425697,4.078,1.555138,1.346064,1.335338,0.00429,5.633138000000001
6901473.0,15916947,16425703,4.969,15.33054,107.998822,107.106265,0.020152,20.29954
6901473.0,16425703,16425704,4.1712,3.564609,7.809096,7.74879,0.007739,7.735809
6901473.0,15916955,16425707,5.25,17.286845,106.301475,105.42057,0.025487,22.536845
6901473.0,16425707,16425708,3.9848,4.395463,10.491347,10.414316,0.001911,8.380263
6901473.0,15916966,16425714,5.1098,11.792997,99.368101,98.535597,0.01151,16.902797
6901473.0,16425714,16425715,4.078,0.231308,0.654881,0.647171,0.003406,4.309308000000001
6901473.0,15916973,15994703,5.344,15.288518,99.58388,98.753504,0.026261,20.632518
6901473.0,15994703,15994704,3.9378,2.981469,3.386487,3.359121,0.00329,6.919269
6901473.0,15916980,15994720,5.203,11.177998,103.073431,102.222825,0.000876,16.380998
6901473.0,15994720,15994721,3.9848,2.862621,5.645293,5.604724,0.018078,6.847421
6901473.0,15916989,15994738,5.297,11.02756,92.548021,91.773266,0.021373,16.324559999999998
6901473.0,15994738,15994739,4.2182,1.233814,4.665297,4.630873,0.024093,5.452014
6901473.0,15916996,15994753,5.3902,11.429785,99.25795,98.427468,0.013081,16.819985000000003
6901473.0,15994753,15994754,5.0628,0.388772,3.838051,3.811516,0.00636,5.4515720000000005
6901473.0,15917001,15994774,5.1098,14.892356,106.016682,105.143828,0.007418,20.002156
6901473.0,15994774,15994775,5.0622,0.63614,1.311971,1.302326,0.014011,5.69834
6901473.0,15917013,15994792,5.3432,12.191417,100.091342,99.264274,0.009624,17.534617
6901473.0,15994792,15994793,4.875,1.589536,2.780702,2.759893,0.002852,6.464536
6901473.0,15917022,15994810,5.25,13.554176,103.96557,103.103128,0.006911,18.804176
6901473.0,15994810,15994811,5.0158,1.650945,2.300957,2.282849,0.004747,6.666745
6901473.0,15917029,15994829,5.3902,13.062893,96.179504,95.387836,0.006848,18.453093000000003
6901473.0,15994829,15994830,4.922,0.246258,5.336245,5.299975,0.005468,5.168258
6901473.0,15994846,15994847,4.922,1.131351,3.365004,3.342716,0.002721,6.053350999999999
6901473.0,15994864,15994865,4.875,3.906831,3.986246,3.958118,0.006118,8.781831
6901473.0,15994883,15994884,6.0,2.206978,3.04567,3.02224,0.007299,8.206978
6901473.0,15994929,15994931,5.953,0.079764,0.521537,0.518796,0.013052,6.032764
6901473.0,15994953,15994954,5.953,3.637083,12.865982,12.773715,0.001217,9.590083
6901473.0,15994979,15994980,5.5781,3.973421,66.055226,65.552085,0.005927,9.551521000000001
6901473.0,15995013,15995015,5.9531,2.108938,8.915896,8.846157,0.013414,8.062038000000001
6901473.0,15995050,15995051,5.8598,0.578457,3.617918,3.591773,0.001807,6.438257
6901473.0,15995144,15995146,5.953,2.677297,5.598079,5.563444,0.00718,8.630297
6901473.0,15995164,15995165,5.25,0.71262,4.155027,4.117775,0.00518,5.96262
6901473.0,15995197,15995198,5.156,1.750891,0.195931,0.193393,0.000891,6.906891
6901473.0,15995237,15995238,5.9061,4.300774,37.010215,36.710682,0.008766,10.206874
6901473.0,15995292,15995293,5.0621,1.874047,1.550816,1.539165,0.007857,6.936147
6901473.0,15917721,15995320,5.3438,12.641681,117.698703,116.73986,0.007045,17.985481
6901473.0,15995403,15995409,5.9531,1.390454,4.098337,4.069456,0.010023,7.343554
6901473.0,15917858,15995542,5.0628,10.611435,102.783719,101.938745,0.004636,15.674235
6901473.0,15995542,15995549,5.9531,2.027418,0.745311,0.742516,0.016699,7.980518
6901473.0,15917931,15995675,5.25,14.910711,105.678526,104.803853,0.030365,20.160711
6901473.0,15995675,15995680,5.156,4.230691,2.804945,2.782857,0.015465,9.386690999999999
6901473.0,15917991,15995760,5.3909,12.620068,108.693995,107.783502,0.008785,18.010968
6901473.0,15995760,15995765,4.922,1.414448,0.919475,0.911612,0.024415,6.336448
6901473.0,15918051,15995808,4.453,9.571711,96.293251,95.495898,0.016777,14.024711
6901473.0,15995808,15995811,5.953,7.81518,64.068146,63.56913,0.010195,13.768180000000001
6901473.0,15918107,15995859,5.4842,10.236923,98.627317,97.799567,0.02084,15.721123000000002
6901473.0,15995859,15995861,4.5469,2.702679,16.712432,16.575053,0.000811,7.249579
6901473.0,16426126,15918176,5.3902,12.023204,117.442766,116.479993,0.011031,17.413404
6901473.0,15918176,15995914,4.875,0.803843,2.417123,2.40126,0.002574,5.678843
6901473.0,15918327,15995997,5.4371,11.830686,114.1852,113.25183,0.01373,17.267786
6901473.0,15995997,15996000,5.6719,6.647781,44.747844,44.406589,0.010393,12.319681
6901473.0,15920417,15996089,5.25,10.20328,95.229744,94.437684,0.003094,15.45328
6901473.0,15996089,15996090,5.0159,0.217986,3.78808,3.753681,0.022849,5.233886
6901473.0,15924236,15996180,5.25,8.549202,98.631912,97.811718,0.009035,13.799202
6901473.0,15996180,15996183,5.953,3.338802,51.581719,51.172774,0.008266,9.291802
6901473.0,15996277,15996285,5.203,11.193284,109.304667,108.401412,0.022478,16.396284
6901473.0,15996387,15996397,5.203,9.75573,95.807488,95.0019,0.004135,14.95873
6901473.0,15996500,15996506,5.3432,13.734168,113.949267,113.01613,0.019558,19.077368
6901473.0,15996506,15996514,5.0158,0.39493,1.442048,1.434487,0.011264,5.410729999999999
6901473.0,16426185,15996628,5.25,10.349907,101.982727,101.138232,0.008525,15.599907
6901473.0,15996787,15996798,5.0152,10.305388,105.031626,104.165352,0.008738,15.320588
6901473.0,15996975,15996981,5.1092,12.577786,104.516318,103.654596,0.015182,17.686986
6901473.0,15997143,15997152,5.203,10.825921,100.082702,99.256519,0.03364,16.028921
6901473.0,16014921,16015042,6.0,10.686224,105.310673,104.44528,0.015149,16.686224
6901473.0,16551154,16551157,5.8122,2.892376,8.517097,8.452913,0.021982,8.704576
6901473.0,16551474,16551480,5.9062,0.084044,14.292701,14.191697,0.010753,5.990244
6901474.0,16425666,16425667,4.125,0.80937,2.076988,2.06577,0.008667,4.93437
6901474.0,21876781,16641417,3.6098,21.842526,92.7924,92.081613,,25.452326
6901474.0,16425676,16425677,4.2182,14.619871,87.847758,87.260165,0.008033,18.838071
6901474.0,16425682,16425683,4.9688,5.748489,56.262176,55.819647,0.00496,10.717289000000001
6901474.0,16425693,16425694,5.4841,1.918005,80.143435,79.506907,0.01312,7.402105
6901474.0,15916941,16425699,5.953,11.176947,112.101569,111.180738,0.020114,17.129947
6901474.0,16425699,16425700,5.2038,8.77272,85.092144,84.419293,0.022102,13.97652
6901474.0,21876901,21876904,5.297,13.036984,94.446707,93.654089,0.013322,18.333984
6901474.0,21876904,21876905,5.2969,8.592859,73.022448,72.421648,0.003756,13.889759000000002
6901474.0,15916961,15994693,5.297,7.907371,108.500853,107.609191,0.015302,13.204371
6901474.0,15994693,16425711,3.9848,2.70872,10.78858,10.716765,0.010275,6.6935199999999995
6901474.0,15916969,16425717,5.0628,14.554844,114.667691,113.731483,0.014842,19.617644
6901474.0,16425717,16425718,4.781,8.093717,43.650135,43.315873,0.000319,12.874717
6901474.0,15916977,15994717,5.6719,7.448006,84.608492,83.899843,0.004305,13.119906
6901474.0,15994717,15994718,3.6091,3.683096,12.539688,12.438757,8.4e-05,7.292196000000001
6901474.0,15916984,15994734,4.969,11.745375,107.868979,106.985319,0.011993,16.714375
6901474.0,15994734,15994735,5.156,8.838803,63.382371,62.88344,0.013529,13.994803000000001
6901474.0,15916993,15994749,5.3909,14.850642,110.417045,109.507519,0.037576,20.241542000000003
6901474.0,15994749,15994751,5.8129,8.809708,46.955733,46.580876,0.023704,14.622608
6901474.0,15916999,15994768,5.7652,9.144216,95.074585,94.268172,0.012951,14.909416
6901474.0,15994768,15994769,6.0,6.092049,52.369281,51.940357,0.004437,12.092049
6901474.0,15917007,15994788,5.344,11.896026,108.262058,107.374387,0.023876,17.240026
6901474.0,15917019,15994807,5.4372,8.479727,103.635854,102.785383,0.005888,13.916927000000001
6901474.0,15994807,15994808,5.3908,1.041513,22.938414,22.762122,0.012548,6.432313
6901474.0,15917025,15994825,5.3902,13.994733,99.871503,99.0519,0.023112,19.384933
6901474.0,15994825,15994826,5.7659,7.271046,26.408018,26.203687,0.008626,13.036946
6901474.0,15994843,15994844,5.0152,1.304802,2.067676,2.052477,0.005442,6.320002000000001
6901474.0,15995035,15995036,5.8122,3.329706,14.736213,14.630112,0.014704,9.141905999999999
6901474.0,15917321,15995071,6.0,14.668426,108.090441,107.19876,0.015778,20.668426
6901474.0,15995145,15995147,5.203,4.84883,4.509303,4.475789,0.009525,10.05183
6901474.0,15995182,15995184,5.203,0.978539,7.925094,7.865498,0.010428,6.181539000000001
6901474.0,15917464,15995215,5.203,10.404147,93.450062,92.673337,0.02173,15.607147000000001
6901474.0,15917606,15995267,5.1092,11.825439,106.692433,105.819276,0.008697,16.934639
6901474.0,15917693,15995309,5.3908,7.676362,100.978519,100.147865,0.00135,13.067162
6901474.0,15917763,15995334,5.3908,6.655491,93.080413,92.314188,6.8e-05,12.046291
6901474.0,15917825,15995475,5.2969,9.444297,102.210059,101.367557,0.004336,14.741197
6901474.0,15995475,15995479,5.1562,0.39534,5.773279,5.7337,0.020148,5.55154
6901474.0,15917894,15995610,5.3908,14.998233,108.359005,107.473128,0.024374,20.389033
6901474.0,15995610,15995614,5.0152,3.515535,0.204459,0.205763,0.002318,8.530735
6901474.0,15917962,15995725,5.25,10.289994,113.722358,112.792412,0.001456,15.539994
6901474.0,15995725,15995729,5.0158,0.771412,0.723083,0.721258,0.003637,5.787211999999999
6901474.0,21877073,21877075,5.0152,13.163785,107.59945,106.706877,0.016634,18.178985
6901474.0,21877075,21877076,5.297,0.284314,13.120982,13.027465,0.00654,5.581314
6901474.0,15918077,15995828,5.25,11.696714,104.445861,103.576881,0.013446,16.946714
6901474.0,15995828,15995830,5.0159,0.182078,1.26257,1.254565,0.006345,5.197978
6901474.0,15918134,15995883,4.2188,15.081928,105.958252,105.075433,0.017722,19.300728
6901474.0,15995883,15995886,4.875,0.984226,10.003269,9.933415,0.012573,5.859226
6901474.0,15918220,15995953,5.203,13.157414,112.671135,111.741978,0.017928,18.360414
6901474.0,15995953,15995956,4.172,0.707207,0.385746,0.383569,0.013144,4.879207
6901474.0,15918596,15996036,5.1568,10.757031,104.420032,103.560172,0.003358,15.913830999999998
6901474.0,15996036,15996040,4.031,2.002764,3.161445,3.139411,0.005787,6.033764
6901474.0,15922387,15996133,5.7652,13.281141,97.12247,96.314491,0.027093,19.046340999999998
6901474.0,15996133,15996135,4.922,0.095765,1.318102,1.311685,0.023292,5.017765
6901474.0,15996221,15996230,5.25,12.91243,89.872439,89.120421,0.009926,18.16243
6901474.0,15996230,15996233,5.0152,0.250788,8.764113,8.69812,0.013638,5.265988
6901474.0,15996335,15996340,5.3902,12.646798,110.503143,109.593019,0.02709,18.036998
6901474.0,15996340,15996343,5.0628,0.736039,0.918544,0.910443,0.008186,5.798839
6901474.0,15996443,15996450,5.2038,9.89776,94.768291,93.979069,0.011685,15.10156
6901474.0,15996450,15996457,4.9682,1.336103,9.032798,8.969518,0.004955,6.304303000000001
6901474.0,15996555,15996563,5.1098,10.580361,97.398378,96.599162,0.0243,15.690161
6901474.0,15996563,15996575,5.203,0.868894,9.536281,9.467303,0.010706,6.071894
6901474.0,15996697,15996705,5.203,3.362668,7.592959,7.536459,0.024882,8.565668
6901474.0,15996897,15996907,5.1091,3.012521,8.238418,8.17848,0.000332,8.121621
6901474.0,15997058,15997068,4.9682,4.191238,0.987558,0.979509,0.007635,9.159438000000002
6901474.0,15997303,15997369,5.1092,3.400984,8.263736,8.202935,0.005239,8.510184
6901474.0,16001190,16001256,5.0628,0.066134,4.326588,4.295464,0.016479,5.128934
6901474.0,16004963,16005075,5.297,13.534887,108.88336,107.994652,0.012451,18.831887
6901474.0,16008904,16008996,4.922,12.455743,87.635027,86.906487,0.025738,17.377743
6901474.0,16426482,16426486,5.766,0.322002,5.759833,5.722809,0.00238,6.088002
6901474.0,16426579,16426583,5.9531,2.811685,0.969567,0.96091,0.008834,8.764785
6901474.0,16426769,16426782,5.9538,5.877809,10.04088,9.969532,0.000321,11.831609
6901474.0,16430282,16430352,5.8592,0.233044,4.700822,4.669711,0.008128,6.092244
6902975.0,20071025,20071078,3.0939,0.021558,1.259914,1.248944,,3.1154580000000003
6902975.0,20071078,20071112,1.5939,0.26276,0.775747,0.768985,,1.8566600000000002
6902975.0,20071112,20071126,1.594,0.653565,0.913333,0.90535,,2.247565
6903091.0,20377375,20377403,1.594,1.167692,44.306768,43.987443,2e-05,2.761692
6903091.0,20377806,20377824,1.078,2.071025,92.479571,91.757125,0.027591,3.149025
6903091.0,20378213,20378237,1.172,3.829372,6.925915,6.873115,0.036962,5.001372
6903091.0,20378646,20378672,1.5939,124.340021,248.110825,246.4222,,125.933921
6903091.0,20379073,20379095,1.125,127.966329,254.049467,252.313509,,129.091329
6903091.0,20379560,20379583,1.125,113.086934,259.525994,257.744645,,114.211934
6903091.0,20380040,20380062,1.219,130.306554,256.684275,254.932168,,131.525554
6903091.0,20384462,20423059,1.2182,119.519667,270.347765,268.475722,,120.737867
6903091.0,20423674,20423690,1.2189,118.655079,263.275023,261.456367,,119.873979
6903091.0,20428295,20428324,1.2658,120.014189,514.188217,509.926634,,121.279989
6903091.0,20432826,20432842,1.1719,129.249625,265.648339,263.805224,,130.421525
6903091.0,20437342,20437367,1.2182,131.935035,262.405051,260.58203,,133.153235
6903091.0,20441704,20441726,1.172,103.733635,520.872944,516.502968,,104.905635
6903091.0,20446116,20446143,1.125,121.365152,273.605754,271.691199,,122.490152
6903091.0,20450570,20450595,1.172,118.540741,279.277655,277.332775,,119.712741
6903091.0,20455076,20455096,1.125,121.262534,258.462522,256.679449,,122.387534
6903265.0,19350757,19350780,2.9531,57.68675,296.559433,293.974258,,60.63985
6903265.0,19353454,19353513,4.7342,21.53645,74.760275,74.194707,,26.27065
6903265.0,19355194,19355234,2.0628,0.391009,0.474242,0.470799,,2.453809
6903265.0,19355234,19355302,3.3281,3.366413,0.469091,0.465661,,6.694513000000001
6903265.0,19355302,19355348,2.2969,2.557131,1.93,1.9159,,4.854031
6903265.0,19355348,19355406,3.3281,2.193487,1.23,1.221135,,5.521587
6903265.0,19355406,19355465,3.1879,2.587988,2.218182,2.202044,,5.775888
6903265.0,19355465,19355531,3.5152,1.355027,0.034848,0.034609,,4.870227
6903265.0,19355531,19355561,1.9688,0.344825,2.483333,2.465302,,2.313625
6903265.0,19355561,19355680,4.3592,0.273422,3.57,3.544057,,4.6326220000000005
6903265.0,19355680,19355718,2.203,0.671889,0.06,0.05957,,2.8748889999999996
6903265.0,19355718,19355783,3.1409,2.724189,3.91,3.881598,,5.865088999999999
6903265.0,19355783,19355836,3.1409,1.64542,3.88,3.851811,,4.78632
6903265.0,19355836,19355887,2.156,1.96276,2.58,2.56128,,4.11876
6903265.0,19355887,19355948,3.094,1.905519,2.081818,2.066718,,4.999518999999999
6903265.0,19355948,19356002,3.422,1.833998,0.478182,0.474705,,5.255998
6903265.0,19356002,19356039,2.531,6.43589,24.953023,24.769636,,8.96689
6903265.0,19356039,19356121,3.422,3.276227,21.093023,20.937673,,6.698227
6903265.0,19356121,19356179,2.906,4.52965,0.1,0.099262,,7.435650000000001
6903265.0,19356179,19356254,3.2342,0.097002,3.318182,3.294093,,3.3312019999999998
6903265.0,19356254,19356305,2.4378,4.249781,12.900325,12.805992,,6.687581
6903265.0,19356305,19356355,3.2811,7.40718,10.582143,10.504632,,10.68828
6903265.0,19356355,19356413,3.0,4.874744,2.655556,2.636281,,7.874744
6903265.0,19356413,19356460,3.375,1.331134,3.255556,3.231903,,4.7061340000000005
6903265.0,19356460,19356514,2.3439,1.57126,12.606667,12.514098,,3.91516
6903265.0,19356514,19356601,3.469,0.405755,16.196667,16.078022,,3.874755
6903265.0,19356601,19356679,2.531,2.244242,14.411429,14.305971,,4.775242
6903265.0,19356679,19356770,4.453,1.326377,13.830519,13.729286,,5.779377
6903265.0,19356770,19356812,1.922,1.034641,0.440909,0.437706,,2.956641
6903265.0,19356812,19356864,3.1872,3.353625,2.95,2.928569,,6.540825
6903265.0,19356864,19356901,2.4378,10.990374,21.152632,20.997042,,13.428173999999999
6903265.0,19356901,19356962,3.5152,6.470814,20.852632,20.699216,,9.986014
6903265.0,19356962,19357008,2.4378,10.185089,40.625,40.323055,,12.622889
6903265.0,19357008,19357103,4.547,12.274066,43.325,43.003435,,16.821066
6903265.0,19357103,19357147,1.875,1.302283,3.4,3.375299,,3.177283
6903265.0,19357147,19357210,3.1402,1.789959,2.872727,2.851868,,4.930159
6903265.0,19357210,19357260,2.4378,6.197167,12.776061,12.682537,,8.634967
6903265.0,19357260,19357300,3.1872,10.390728,10.103333,10.029241,,13.577928
6903265.0,19357300,19357341,3.1409,4.949971,3.72,3.692971,,8.090871
6903265.0,19357341,19357398,2.7189,3.398899,23.57122,23.397965,,6.117799
6903265.0,19357398,19357441,3.375,2.233354,22.005765,21.843893,,5.608354
6903265.0,19357441,19357527,2.625,0.141125,15.525974,15.412115,,2.766125
6903874.0,20423327,20423334,1.828,5.809637,204.890211,203.361854,0.012595,7.637637000000001
6903874.0,20423373,20423377,1.5469,9.615615,241.971351,240.159504,0.017236,11.162514999999999
6903874.0,20423418,20423423,1.5,2.909114,232.204154,230.460959,0.008407,4.409114000000001
6903874.0,20423650,20423691,1.547,0.771081,189.372057,187.938566,0.003242,2.318081
6903874.0,20424583,20424601,1.1719,70.326784,239.477476,237.873919,,71.498684
6903874.0,20425523,20425547,1.125,71.654714,247.145703,245.491596,,72.779714
6903874.0,20425979,20426001,1.219,69.259344,252.771198,251.076647,,70.47834399999999
6903874.0,20426436,20426471,1.172,64.857546,239.739375,238.138156,,66.029546
6903874.0,20426939,20426958,1.172,66.277811,236.551078,234.966836,,67.449811
6903874.0,20427378,20427403,1.219,66.611806,248.629153,246.963727,,67.830806
6903874.0,20427876,20427901,1.1719,63.493704,244.960034,243.320925,,64.665604
6903874.0,20428845,20428877,1.172,63.087894,236.24178,234.666687,,64.259894
6903874.0,20438116,20438150,1.2659,59.068413,237.829892,236.2363,,60.334313
6903875.0,20422883,20422888,1.7348,6.10624,262.090681,260.075902,0.033145,7.84104
6903875.0,20422892,20422894,1.453,3.945363,212.172147,210.544262,0.005219,5.398363
6903875.0,20422900,20422904,1.4061,5.954421,236.632596,234.823338,0.023794,7.360521
6903875.0,20422911,20422914,1.4531,3.502834,231.078302,229.295855,0.002071,4.955934
6903875.0,20422917,20422921,1.5,2.936215,330.704719,328.139744,0.043721,4.436215
6903875.0,20422937,20422940,1.3129,0.90092,260.868032,258.853073,0.007071,2.21382
6903875.0,20422985,20422991,1.1719,79.805935,244.151386,242.503972,,80.977835
6903875.0,20423018,20423020,1.219,75.870744,245.393137,243.738672,,77.089744
6903875.0,20423042,20423047,1.2189,73.184828,251.881575,250.183043,,74.403728
6903875.0,20423077,20423079,1.2188,75.50629,251.851159,250.162058,,76.72509000000001
6903875.0,20428878,20428899,1.3128,82.415204,249.27549,247.590549,,83.728004
6903875.0,20433372,20433382,1.2652,70.9212,253.873597,252.154766,,72.18639999999999
6903875.0,20437706,20437722,1.2658,70.307946,243.076175,241.438558,,71.573746
6903875.0,20442062,20442110,1.3128,69.622984,255.373818,253.640583,,70.935784
6903875.0,20446685,20446702,1.4068,63.821359,358.756357,355.982846,,65.228159
6903875.0,20451180,20451202,1.2659,66.553593,255.921371,254.187117,,67.81949300000001
6903875.0,20455559,20455576,1.2658,61.052574,355.189388,352.45494,,62.318374
6903876.0,20425045,20425089,1.594,1.610955,196.681014,195.177422,0.0099,3.204955
6903876.0,20425524,20425561,1.5,0.113273,188.670188,187.235799,0.022002,1.613273
6903876.0,20425980,20426014,1.4061,0.353204,262.984027,260.97856,0.008096,1.759304
6903876.0,20427877,20427902,1.125,61.433162,251.112542,249.437728,,62.558162
6903876.0,20428365,20428386,1.1719,59.739107,255.758428,254.038375,,60.911007
6903876.0,20433383,20433396,1.3129,53.666356,248.165379,246.502102,,54.979256
6903876.0,20437707,20437732,1.219,52.890529,239.176479,237.574264,,54.109529
6903876.0,20442082,20442111,1.3129,55.346389,251.136309,249.452935,,56.659289
6903877.0,20425046,20425090,1.6408,8.251101,179.800978,178.445269,0.00652,9.891901
6903877.0,20425525,20425562,1.5,7.918305,224.892995,223.202998,0.009303,9.418305
6903877.0,20425981,20426015,1.5,1.510942,317.927581,315.455084,0.019691,3.010942
6903877.0,20428847,20428880,1.1719,63.754554,249.321804,247.661442,,64.92645399999999
6903877.0,20429273,20429293,1.172,61.281732,252.719984,251.033077,,62.453731999999995
6903877.0,20433809,20433826,1.125,55.013435,247.227279,245.566411,,56.138435
6903877.0,20442523,20442549,1.3129,43.254439,369.88,367.016804,,44.567339
6903878.0,20422884,20422889,1.6879,5.852497,273.607984,271.504543,0.043067,7.540397
6903878.0,20422893,20422895,1.5,6.951308,271.131676,269.064276,0.021161,8.451308000000001
6903878.0,20422901,20422905,1.5,0.49798,212.77126,211.114975,0.002042,1.99798
6903878.0,20422912,20422915,1.641,3.134754,217.99119,216.314842,0.041092,4.775754
6903878.0,20422918,20422922,1.359,4.212186,271.859422,269.74645,0.023948,5.571186
6903878.0,20422938,20422941,1.3598,3.138757,213.287488,211.655276,0.00636,4.498557
6903878.0,20423019,20423021,1.2658,78.946039,247.886036,246.224144,,80.211839
6903878.0,20424040,20424066,1.3592,73.841943,255.539966,253.812773,,75.201143
6903878.0,20437608,20437647,1.359,73.126863,243.423429,241.784904,,74.485863
6903878.0,20446687,20446704,1.3592,59.472552,380.997114,378.024124,,60.831752
6903878.0,20455560,20455578,1.266,57.328524,378.023333,375.084083,,58.594524
